TransactionID,isFraud
1001430,0.0008577610133215785
1000517,0.0012639648048207164
1003069,0.001231475151143968
1003891,0.00016661737754475325
1000751,0.0019651823677122593
1001548,0.00024680106434971094
1000564,0.0016257371753454208
1001543,0.0003760887193493545
1002266,0.0016964279348030686
1001524,0.0006002341979183257
1002929,0.00655527925118804
1003427,0.0003364864969626069
1001207,0.020847471430897713
1000542,0.001425859285518527
1002025,0.0001700075517874211
1000014,0.0006234910688363016
1003683,0.0003260534431319684
1000560,0.009841321967542171
1000038,0.8000490069389343
1000945,0.011971801519393921
1003026,0.001627990510314703
1001227,0.0003647652920335531
1002033,0.00449264096096158
1001589,0.0010436165612190962
1001183,0.00015444887685589492
1004394,0.0011588145280256867
1001066,0.000660511024761945
1002576,0.00029930935124866664
1000895,0.0005844187107868493
1004929,0.000990475993603468
1004648,0.005013193003833294
1004113,0.002083020517602563
1000595,0.0007056149770505726
1001979,0.0037045429926365614
1003349,0.0007540133665315807
1002759,0.0015197176253423095
1000539,0.0007674149819649756
1000901,0.0013317902339622378
1002705,0.00023148073523771018
1000929,0.0003556504670996219
1000804,0.0011254510609433055
1004242,0.00010529838618822396
1001720,0.0006616564933210611
1000489,0.4210019111633301
1000898,0.0008700796752236784
1001306,0.00034078554017469287
1001807,0.00021809007739648223
1000615,0.006763102486729622
1003899,0.0022407041396945715
1004542,0.0003898329159710556
1004016,0.0008949325419962406
1001283,0.0004917323822155595
1000114,0.0830957368016243
1001938,0.0008483666460961103
1000607,0.0004254102532286197
1002206,0.0055483318865299225
1002835,0.05319802463054657
1003939,0.00026601736317388713
1002871,0.00021935123368166387
1002707,0.0007252913201227784
1003542,0.00034905062057077885
1000744,6.542963092215359e-05
1004526,0.0003204326785635203
1002822,0.0005654589622281492
1001700,0.0032368768006563187
1001140,0.003435458755120635
1004149,0.0006052090902812779
1004845,0.01841946505010128
1002888,0.0016489970730617642
1003712,0.006437080912292004
1004246,0.0008906591683626175
1004305,0.00011266452929703519
1001865,0.0017012477619573474
1000995,0.02612779103219509
1000020,0.0016085602110251784
1002360,0.9616962671279907
1003719,0.001818997086957097
1000390,0.003321243217214942
1002799,0.000465904624434188
1002178,0.0026513950433582067
1001784,0.00025930043193511665
1003361,0.0036444785073399544
1000115,0.3327057659626007
1000062,0.0010563614778220654
1003621,0.00026855719625018537
1002350,0.0005619411822408438
1000586,0.005901043303310871
1000920,0.9966044425964355
1004954,0.013597213663160801
1004552,0.00042953414958901703
1000702,0.0003325532888993621
1001110,0.002989270957186818
1004663,0.9916775226593018
1003323,0.00012791719927918166
1004248,0.011290290392935276
1000136,0.02536439336836338
1002907,0.0009185512899421155
1004222,0.0003744754067156464
1000446,0.00022650990285910666
1001077,0.002015025122091174
1004348,0.007251386530697346
1004641,0.002543508308008313
1003742,0.9893988370895386
1004257,0.00023428125132340938
1003934,0.0030049642082303762
1002666,0.00033174484269693494
1002832,0.00023606055765412748
1002544,0.0007005871739238501
1004041,0.0007649716571904719
1000203,0.0019325752509757876
1003549,0.006547337397933006
1002122,0.0014418486971408129
1001799,0.004679644946008921
1000863,0.0012000097194686532
1000553,0.000598020211327821
1004250,0.0016930709825828671
1004143,0.0005056303343735635
1001628,0.0007408170495182276
1000992,0.0002207859215559438
1001977,0.0007509464048780501
1002269,0.0017986645689234138
1000247,0.0003772432100959122
1002027,0.0023855508770793676
1002827,0.0026605119928717613
1003862,0.0781482607126236
1001582,0.001926508266478777
1001240,0.9112743735313416
1000747,8.183078170986846e-05
1000668,0.0016579623334109783
1001205,0.0007704196032136679
1000434,0.00022365269251167774
1004991,0.0003032844979315996
1004057,0.0001466067915316671
1000795,0.00024388343445025384
1002598,0.0064542717300355434
1004217,0.001087112003006041
1004724,0.00016068700642790645
1000414,0.0003992852580267936
1003855,0.0025539167691022158
1001687,0.0015501045854762197
1002160,0.001035491470247507
1002685,0.011002651415765285
1000976,0.0003345475997775793
1004205,0.0014535174705088139
1000043,0.00047280179569497705
1001962,0.0006054052500985563
1000771,0.017339469864964485
1003904,0.007468000985682011
1002363,0.007481209002435207
1001752,0.0001340750022791326
1004725,0.0025700845289975405
1000569,0.0016225758008658886
1001485,0.0012619727058336139
1001017,0.00040095881558954716
1004080,0.0003384661104064435
1002438,0.0009165378869511187
1000236,0.001192715484648943
1002161,0.0028463657945394516
1001308,0.0015816804952919483
1000176,0.005091342609375715
1003279,0.00036417372757568955
1003389,0.9919919371604919
1004951,0.00038583515561185777
1002270,0.002345987129956484
1004734,0.01085098460316658
1002746,0.04045330360531807
1003630,0.0017638704739511013
1000940,0.0013242389541119337
1003797,0.006609855219721794
1001815,0.9900510907173157
1002353,0.00013745823525823653
1003381,0.0008569718338549137
1004988,0.0023419565986841917
1002483,0.0006734604248777032
1001343,0.9856666326522827
1004751,0.0005306890234351158
1004810,0.036594003438949585
1002092,0.8884031176567078
1004359,0.08417165279388428
1001221,0.00449324818328023
1001775,0.0009473825339227915
1004856,0.8553339838981628
1003755,0.000234932653256692
1002691,0.0006043153698556125
1003673,0.0004999475786462426
1002744,0.0006352957570925355
1003822,0.0003813901566900313
1002727,0.004596381913870573
1002084,0.00041732503450475633
1002340,0.0023788006510585546
1003726,0.0005976329557597637
1002439,0.0029777451418340206
1002321,0.001360231195576489
1003045,0.0025884276255965233
1003972,0.0008356019970960915
1004193,0.00040347164031118155
1000405,0.0018364031566306949
1004450,0.0031242265831679106
1002110,0.0009751574834808707
1004977,0.0028396332636475563
1002425,0.0005996800027787685
1001523,0.0005275041912682354
1003241,0.00037463282933458686
1000218,0.0012798424577340484
1000602,0.0013007150264456868
1004634,0.0004114351177122444
1001699,0.004721151199191809
1000529,0.00019454733410384506
1004397,0.02770468033850193
1003422,0.1477222442626953
1001127,0.00023825654352549464
1000937,0.00313392817042768
1004807,0.006419830024242401
1004083,0.9949647784233093
1001603,0.0001735990372253582
1003481,0.0012555314460769296
1004657,0.0003515490680001676
1000872,0.0008992364164441824
1004328,0.0007008218090049922
1004888,0.00027936510741710663
1001978,0.0022815577685832977
1002949,0.0006904500187374651
1003175,0.0003448652569204569
1004372,0.011590978130698204
1002573,0.021870464086532593
1003705,0.0002870461321435869
1003662,0.007154386956244707
1003772,0.0001569993473822251
1004282,0.001301963347941637
1003691,0.0007016827585175633
1002050,0.0003502802283037454
1002130,0.0004205127479508519
1001936,0.0006141954218037426
1004987,0.00441571231931448
1003298,0.003364518051967025
1000238,0.000995772541500628
1001085,0.0001812018163036555
1002946,0.002647676970809698
1001395,0.0009707878925837576
1001490,0.0006881651934236288
1000170,0.00020590554049704224
1002474,0.9970670938491821
1003508,0.028387507423758507
1003331,0.9870458841323853
1002017,0.0016828876687213778
1001531,0.001418597181327641
1004671,0.0021364192944020033
1000839,0.050325702875852585
1001154,0.00028482789639383554
1003460,0.0032830124255269766
1003351,0.04959525913000107
1001141,0.07887546718120575
1002578,0.0002465493744239211
1000913,0.00360132590867579
1000464,0.00035059862420894206
1004164,0.00047412223648279905
1001279,0.005520317237824202
1003456,0.00031320503330789506
1000892,0.003514921059831977
1003468,0.0005414651823230088
1003783,0.0001459293271182105
1001250,0.9963570833206177
1001952,0.9939196109771729
1001293,0.0007510358118452132
1004649,0.0007161983521655202
1002086,0.00237722834572196
1002479,0.013666047714650631
1000884,0.00020599100389517844
1003022,0.0020762335043400526
1001379,0.000308103917632252
1003207,0.005775231868028641
1001309,0.0015121811302378774
1004524,0.00033391115721315145
1004880,0.00025620227097533643
1002481,0.0007915305905044079
1000453,0.01577097922563553
1003841,0.010795743204653263
1004477,0.006271966267377138
1000724,0.00011566252942429855
1000721,0.34391406178474426
1002369,0.0005165028851479292
1000397,0.000122810757602565
1003632,0.0004543585528153926
1001090,0.0003392927465029061
1001607,0.0008879048400558531
1001665,0.00017995497910305858
1000748,0.00046085991198197007
1001971,0.0037336191162467003
1003403,0.000401421042624861
1003497,0.00017855623445939273
1004216,0.001702544861473143
1004989,0.001724011031910777
1004594,0.003220895305275917
1000827,0.000985088525339961
1004487,0.006444449070841074
1001964,0.0015865539899095893
1000083,0.0008494226494804025
1000912,0.030940193682909012
1002334,0.0010387556394562125
1004025,0.0017735474975779653
1001514,0.000734639004804194
1002391,0.0005871821194887161
1003912,0.000629034882877022
1002899,0.0001944428076967597
1004147,0.00012475009134504944
1004955,0.004640280269086361
1000129,0.012512752786278725
1002355,0.0017127648461610079
1001845,0.0006296870415098965
1001776,0.0008829166763462126
1004742,0.0004610645119100809
1004196,0.00032166115124709904
1000432,0.00034623040119186044
1004212,0.9767923355102539
1003514,0.00019448366947472095
1001555,0.0004124186816625297
1001767,0.0004364213964436203
1003322,0.0014143305597826838
1004628,0.00025500456104055047
1003462,0.0023577518295496702
1000506,0.9899271130561829
1002351,0.0018539249431341887
1003237,0.0006920830928720534
1002114,0.00019526290998328477
1000029,0.014053158462047577
1004191,0.0005553811206482351
1004289,0.00015910693036857992
1003623,0.0002864478447008878
1001604,0.021243656054139137
1004150,0.000529542681761086
1002699,0.0022685627918690443
1001363,0.006525118835270405
1002754,0.0005911126499995589
1003051,0.0005668391822837293
1000608,0.00023802088981028646
1004102,0.0022582646925002337
1000225,0.0016920013586059213
1003784,0.0002397657954134047
1001611,0.0013626102590933442
1003768,0.00023993197828531265
1003312,0.0005547111504711211
1001457,0.0043203942477703094
1003678,0.001009753323160112
1001768,0.00033008147147484124
1002219,0.004237009212374687
1004353,0.00016324671742040664
1000952,0.0003991110424976796
1000296,0.00027691363357007504
1002028,0.00014576352259609848
1004910,0.00042195251444354653
1002422,0.14527389407157898
1001074,0.0008857488282956183
1000102,0.0001517447963124141
1003094,0.0006834102678112686
1004087,0.0005512025090865791
1003296,0.012135378085076809
1003253,0.0016799230361357331
1000679,0.0025216008070856333
1001193,0.002468836959451437
1003121,0.00032421533251181245
1004241,0.00017150750500150025
1003575,0.00031339662382379174
1000787,0.00025954796001315117
1003172,0.0005265456857159734
1000989,0.00018673198064789176
1000045,0.00010766464401967824
1003394,0.9949547052383423
1002601,0.0007048663101159036
1003124,0.0057089198380708694
1001680,0.026360783725976944
1000902,0.0008862589602358639
1004493,0.00017046545690391213
1002579,0.0018770148744806647
1000838,0.0008262208430096507
1004650,0.000325597618939355
1003610,0.017014851793646812
1003056,0.9951825737953186
1003909,0.000520050001796335
1004489,0.0028971624560654163
1004815,0.0045156520791351795
1002060,0.00024359447706956416
1002105,0.0015021752333268523
1004243,0.00021251456928439438
1001619,0.0018397506792098284
1004566,0.012189109809696674
1004980,0.4327600598335266
1003627,0.0017036511562764645
1002151,0.00026042168610729277
1002238,0.0004820325702894479
1002032,0.000618906517047435
1000144,0.0009496654383838177
1000156,0.00015151637489907444
1003955,0.00027303307433612645
1000194,0.0002676974982023239
1003903,0.018255144357681274
1002553,0.0002554659149609506
1003872,0.00353249185718596
1002036,0.00022765468747820705
1003869,0.0002081297425320372
1003775,0.0016111391596496105
1002262,0.0031052641570568085
1000587,0.001279943622648716
1002004,0.0002502232964616269
1003314,0.002334248274564743
1002745,0.0020893493201583624
1004288,0.00047309306683018804
1000007,0.002725869184359908
1002492,0.0009602279751561582
1004602,0.007767737843096256
1000666,0.0005702472990378737
1004753,0.9926461577415466
1001746,0.00031930606928654015
1002837,0.0008104625740088522
1000834,0.014983034692704678
1004179,0.002869249088689685
1001533,0.00023082803818397224
1000805,0.0004188118618912995
1002450,0.017956707626581192
1000208,0.00032014059252105653
1001956,0.00020113738719373941
1001284,0.00010334306716686115
1000185,0.001638503628782928
1004719,0.9733109474182129
1000366,0.0003676381893455982
1000030,0.0021463471930474043
1000504,0.0008366015390492976
1001347,0.000448611710453406
1000370,0.02766486629843712
1000775,0.009256779216229916
1002015,0.002012865152209997
1003128,0.0025109711568802595
1003340,0.0005535616655834019
1002721,0.0006398129626177251
1004456,0.006874084006994963
1004514,0.0005328801926225424
1001684,0.0009239357314072549
1002040,0.0008172575035132468
1004215,0.00031840355950407684
1003407,0.0002572493103798479
1000852,0.007149376906454563
1003214,0.00035269142244942486
1004197,0.000527694181073457
1003316,0.0006535514839924872
1002381,0.0002512065111659467
1002099,0.030226508155465126
1003111,0.008524508215487003
1000449,0.0022091821301728487
1001471,0.00376530853100121
1003597,0.0012486674822866917
1003936,0.001923035248182714
1004785,0.006315551698207855
1002950,0.0021782806143164635
1003067,0.00018028450722340494
1003002,0.0008792399894446135
1002922,0.0006022488814778626
1001372,0.001586332218721509
1004773,0.005956979934126139
1002812,0.0005607205675914884
1002970,0.0006530171376653016
1002428,0.0059961494989693165
1004733,0.0003391442005522549
1002747,0.0017693073023110628
1001877,0.000174575878190808
1001632,0.0002467054291628301
1003043,0.004926878958940506
1003753,0.00034297368256375194
1003738,0.005817365366965532
1002487,0.00028638163348659873
1002202,0.00021592008124571294
1000342,0.0005393807659856975
1001851,0.002596769481897354
1004926,0.7094043493270874
1001446,0.0029126498848199844
1001034,0.0010187941370531917
1004797,0.001109907403588295
1004130,0.0027244174852967262
1000316,0.0026650168001651764
1003272,0.0011326719541102648
1004835,0.00014062387344893068
1001075,0.0006499071605503559
1002490,0.00039260686025954783
1004924,0.019167056307196617
1003275,0.0021783264819532633
1004851,0.0001901855575852096
1004784,0.00018279666255693883
1000074,0.0010215978836640716
1002167,0.0007386665092781186
1003588,0.001586408820003271
1002016,0.18081676959991455
1003764,0.000647638167720288
1002722,0.0007906835526227951
1004027,0.00031669557210989296
1003886,0.0008419987861998379
1001850,0.00046286298311315477
1003446,0.07215262949466705
1000890,0.0015450334176421165
1002977,0.005708909593522549
1000229,0.0003999856999143958
1002316,0.00025948998518288136
1001114,0.0007464307127520442
1004798,0.0008114780066534877
1002237,0.001986454240977764
1001569,0.0003925508644897491
1004422,0.010907307267189026
1000145,0.0002689601096790284
1003193,0.11010304093360901
1000369,0.001464612316340208
1004134,0.0017617604462429881
1001321,0.0025451439432799816
1000100,0.0005757999024353921
1004287,0.00015477104170713574
1000139,0.00018061567971017212
1001584,0.000481384398881346
1003534,0.0002520557027310133
1000788,0.014284612610936165
1003102,0.0014621824957430363
1003224,9.170234261546284e-05
1000873,0.9692403674125671
1000340,0.00023388043337035924
1003463,0.012548214755952358
1002743,0.0032340590842068195
1000163,0.044168710708618164
1000494,0.028025753796100616
1000173,0.0016180331585928798
1003369,0.0002874811179935932
1001899,0.0008503833669237792
1001286,0.00031469640089198947
1004654,0.0005692193517461419
1001627,0.0023404103703796864
1002319,0.0006711265305057168
1002190,0.007224119268357754
1003327,0.00031123339431360364
1003568,0.0003273239126428962
1003041,0.0005438051302917302
1002031,0.0005279824836179614
1000993,0.000885453075170517
1000159,0.00019205210264772177
1001041,0.0006384096341207623
1004462,0.00027191589470021427
1002436,0.0015668314881622791
1000421,0.002905029570683837
1001886,0.0004780010785907507
1002600,0.00026934235938824713
1004836,0.0005909618339501321
1004871,0.0006590880802832544
1000891,0.011869086883962154
1003560,0.0010058649349957705
1001438,0.00029378675390034914
1003031,0.000666930980514735
1000092,0.0003870164800900966
1002246,0.005565215367823839
1001826,0.00048400359810329974
1000066,0.001652362640015781
1000478,0.0012989126844331622
1002273,0.0009398585534654558
1004502,0.0005680449539795518
1002921,0.0005959375412203372
1002133,0.0016268676845356822
1001461,0.009428956545889378
1004496,0.0025662865955382586
1004070,0.0003086536889895797
1003706,0.00026850998983718455
1001165,0.002907360205426812
1003365,0.00043812926742248237
1000973,0.0001944889809237793
1003182,0.0007383436895906925
1002394,0.00025239723618142307
1000572,0.002107148990035057
1002702,0.00018945825286209583
1000650,0.11310894042253494
1002111,0.0003775611112359911
1002802,0.03175968676805496
1003196,0.04434940218925476
1002877,0.04778295382857323
1004958,9.97214374365285e-05
1004590,0.00025182170793414116
1002905,0.0009255358600057662
1000210,0.0006095031276345253
1000573,0.0025643128901720047
1000511,0.0034966759849339724
1004395,0.005337122827768326
1003813,0.002257488900795579
1000098,0.1677931845188141
1002503,0.0033574001863598824
1003885,0.004991079214960337
1000228,0.0012161224149167538
1000701,0.13560713827610016
1004056,0.0007841435144655406
1001532,0.00037494010757654905
1000158,0.0068099466152489185
1003126,0.009802265092730522
1002997,0.00018737571372184902
1003005,0.00035700705484487116
1000001,0.0018472138326615095
1000135,0.0003540668694768101
1003356,0.0024599418975412846
1003215,0.10619911551475525
1001562,0.00042460428085178137
1003826,0.015640325844287872
1002434,0.0005123954615555704
1002162,0.0006249036523513496
1001898,0.00048001104732975364
1002585,0.0016814700793474913
1000358,0.0005035102367401123
1001171,0.0002513656800147146
1001195,0.8965526223182678
1001428,0.0007484933594241738
1003985,0.0001782134349923581
1003310,0.00011766920215450227
1000946,0.021574988961219788
1001329,0.0017764695221558213
1000060,0.0018995412392541766
1002732,0.001148795592598617
1001965,0.001582857221364975
1000021,0.013232626020908356
1001100,0.00039907931932248175
1001118,0.004761463031172752
1002558,0.0003331387124489993
1000598,0.05521613359451294
1003231,0.0005319310002960265
1002117,0.00021033828670624644
1004464,0.0006297056097537279
1002408,0.00781754869967699
1004099,0.0008609169744886458
1002294,0.00024078706337604672
1003609,0.001332154730334878
1000402,0.0015792427584528923
1003360,0.0017501406837254763
1003131,0.0005064223660156131
1003883,0.00428684800863266
1000425,0.0024222179781645536
1001452,0.0026700396556407213
1000052,0.0011880150996148586
1003359,0.0017462854739278555
1004617,0.04459933936595917
1004903,0.0021047736518085003
1002928,0.0017923469422385097
1001352,0.0004273895174264908
1003285,0.0004772966494783759
1002748,0.00022793334210291505
1004889,0.00045313083683140576
1004510,0.003285353071987629
1001918,0.9417328834533691
1000648,0.7474784255027771
1004700,0.014453962445259094
1003851,0.0024397510569542646
1004754,0.4357607662677765
1002620,0.0006465895567089319
1001228,0.0014028321020305157
1003595,0.014911566860973835
1002213,0.0004558349901344627
1001113,0.00016961846267804503
1000042,0.00013861031038686633
1003877,0.0006062436732463539
1003765,0.005123069975525141
1001111,0.0007382906624116004
1003509,0.9845761656761169
1004982,0.00031798917916603386
1004584,0.0018150359392166138
1000371,0.0009133396088145673
1003846,0.019409438595175743
1002569,0.003334972308948636
1004151,0.0005306825041770935
1001577,0.0006662618834525347
1004399,0.0009159400360658765
1000026,0.0006930220988579094
1004219,0.0010953410528600216
1003786,0.0004920925130136311
1004660,0.001250555389560759
1001610,0.001090292469598353
1000250,0.001076204120181501
1002008,0.00022047918173484504
1000243,0.00034573249286040664
1004040,0.01788533292710781
1002749,0.0011200750013813376
1001047,0.0004102453531231731
1004392,0.00029832954169251025
1004142,0.0027310417499393225
1001510,0.019147511571645737
1004388,0.0004891555872745812
1000792,0.0010963785462081432
1004843,0.05379001051187515
1002323,0.054465387016534805
1003092,0.0013154440093785524
1000018,0.0003361759299878031
1001173,0.0034312265925109386
1004549,0.0012450750218704343
1004307,0.0018646870739758015
1004865,0.9956220388412476
1000722,0.007111475337296724
1002200,0.00010802073666127399
1002856,0.003314793575555086
1001042,0.0014760005287826061
1001716,0.00024744600523263216
1003871,0.000241225614445284
1000966,0.997690737247467
1004609,8.673858246766031e-05
1002586,0.0007658160757273436
1000906,0.9885484576225281
1001616,8.20193745312281e-05
1000609,0.0006404252490028739
1004401,0.024216020479798317
1003442,0.0012377580860629678
1004761,0.002141091274097562
1003799,0.0008965109591372311
1000502,0.003835497424006462
1000526,0.0033072910737246275
1002056,0.0005511832423508167
1000639,0.10454998165369034
1004643,0.07091677933931351
1002583,9.716252679936588e-05
1002354,0.00023117045930121094
1000574,0.00088193902047351
1000441,0.0019363252213224769
1000165,0.11202036589384079
1000477,0.0017689133528620005
1001026,0.00018782894767355174
1001852,0.0006018890417180955
1002960,0.0011069661704823375
1002244,0.03534543514251709
1004695,0.008912009187042713
1002852,0.0002971254871226847
1002854,0.00010409471724415198
1001919,0.0019066762179136276
1002226,0.000374432624084875
1001984,0.0007209774339571595
1004405,0.00018894564709626138
1002373,0.0005303478101268411
1002186,0.00028619595104828477
1000394,0.00038345667417161167
1000044,0.00033722358057275414
1002103,0.0001920403738040477
1000633,0.9904085397720337
1004253,0.00019264218281023204
1002400,0.0007983579998835921
1004886,0.0014449824811890721
1001374,0.002664497122168541
1004877,0.0011581574799492955
1002194,0.0010288686025887728
1000730,0.010839867405593395
1003202,0.00655523594468832
1002292,0.0010423703351989388
1004262,0.9903320074081421
1004822,0.000253807520493865
1002957,0.0029324062634259462
1000646,0.0006835649837739766
1003866,0.0002073323994409293
1001641,0.014780621975660324
1004818,0.0007740010041743517
1002794,0.0003156278398819268
1003748,0.0053618415258824825
1001559,0.0014450056478381157
1003300,0.3464409112930298
1000510,0.8442815542221069
1001121,0.006911447271704674
1002976,0.002243875991553068
1000954,0.0018139808671548963
1001894,0.0016549313440918922
1004121,0.0029697136487811804
1003714,0.0013691922649741173
1004095,0.0013420028844848275
1001503,0.0013547082198783755
1004583,0.0003365110605955124
1000535,0.00045847418368794024
1002764,0.9971926808357239
1000382,0.0012057062704116106
1002087,0.0032488543074578047
1001002,0.02138357423245907
1004199,0.006343195680528879
1002193,0.00023415124451275915
1004023,0.0012297575594857335
1000883,0.0035461867228150368
1003070,0.021277373656630516
1002626,0.0007414179854094982
1000854,0.0038218682166188955
1001861,0.07551906257867813
1004132,0.0018966981442645192
1000373,0.00029364239890128374
1002783,0.0015399992698803544
1000119,0.0008123136358335614
1004971,0.00030562025494873524
1003914,0.01684640534222126
1002978,0.0012820910196751356
1003341,0.00031792267691344023
1003672,0.014320677146315575
1004922,0.00020815293828491122
1004973,0.0003497969883028418
1002740,0.00037974995211698115
1004414,0.0007258978439494967
1000137,0.0009688832797110081
1004010,0.000946638232562691
1002052,0.0002234913845313713
1004666,0.00027858660905621946
1001328,0.0006303586415015161
1003109,0.0002795610635075718
1000457,0.0037774976808577776
1003922,0.0023518367670476437
1001521,0.00017935158393811435
1004111,0.0013935142196714878
1002838,0.00040876943967305124
1000314,0.0008628265932202339
1004128,0.0010509621351957321
1003467,0.00038298225263133645
1000484,0.004266343079507351
1003554,0.0004107214626856148
1004790,0.00030505022732540965
1000482,0.006582379341125488
1001295,0.016548121348023415
1002690,0.9901707768440247
1001109,0.0002635523851495236
1002998,0.010452519170939922
1002233,0.00017278501763939857
1000777,0.00026274059200659394
1000242,0.0001074881583917886
1002467,0.26922228932380676
1001658,0.0030789365991950035
1004558,0.0031637712381780148
1004045,0.00015447013720404357
1002559,0.0027353267651051283
1001151,0.0007146383868530393
1000841,0.020663317292928696
1000728,0.9768168926239014
1001783,0.00044132425682619214
1002849,0.0005259576719254255
1003953,0.0015454961685463786
1001874,0.0004495545872487128
1000580,0.0004585520946420729
1000969,0.00021370721515268087
1003587,0.0014678905718028545
1000211,0.0021106754429638386
1001688,0.001879709423519671
1004383,0.007896281778812408
1001332,0.0009142446797341108
1000198,0.00034959573531523347
1003324,0.0009112536208704114
1001901,0.0017147894250229
1003245,0.010819152928888798
1002500,0.0007302129524759948
1001757,0.020235590636730194
1001975,0.00024962954921647906
1002482,0.0003191933792550117
1002917,0.00022554115275852382
1000087,0.010750554502010345
1000081,0.006699734833091497
1003933,0.0007336105918511748
1003951,0.006165239028632641
1002071,0.00028727969038300216
1000147,0.006695979740470648
1004061,0.00047157553490251303
1001391,0.002690197667106986
1001675,0.0009334023343399167
1003328,0.0002655671560205519
1003523,0.00015414573135785758
1002538,0.0021254902239888906
1003500,0.001171316485852003
1003687,0.00014529735199175775
1004278,0.0003802365390583873
1001459,0.004615125712007284
1003969,0.005822962615638971
1000467,0.001508095534518361
1002631,0.0009995916625484824
1004553,0.005529309157282114
1001724,0.0014691947726532817
1004522,0.0009955381974577904
1000882,0.004352221731096506
1004652,0.002214664127677679
1004347,0.000494766456540674
1003190,0.0024310024455189705
1000419,0.0016253527719527483
1003600,0.00020466739078983665
1003988,0.001108165131881833
1000053,0.001552688074298203
1002663,0.0002312781725777313
1003859,0.9932500123977661
1003831,0.0012500720331445336
1001000,0.0013834616402164102
1000323,0.007156482432037592
1001943,0.9799291491508484
1000630,0.00042630897951312363
1004308,0.03841984272003174
1001677,0.0005741521599702537
1004000,0.00011018696386599913
1000707,0.004446242470294237
1004999,0.011926500126719475
1004202,0.0002978479606099427
1004698,0.0003382117720320821
1002580,0.0010403504129499197
1003792,0.00021932125673629344
1003867,0.0011198059655725956
1000272,0.0007339977892115712
1001253,0.0003245514817535877
1002669,0.00020114186918362975
1001303,0.0002639245067257434
1001394,0.0008225464262068272
1004547,0.9894701242446899
1000251,0.0011468357406556606
1002599,0.0008726161904633045
1002225,0.000736725574824959
1001925,0.0010720969876274467
1001530,0.0003803556610364467
1003075,0.0344807468354702
1000958,0.9382004141807556
1003436,0.0001904118835227564
1001717,0.00011909981549251825
1000794,0.00030930235516279936
1003776,0.0001119623047998175
1004702,0.004106382839381695
1000376,0.0040850089862942696
1004235,0.0006786981830373406
1000943,0.00509757362306118
1003087,0.0003061125462409109
1004326,0.9562589526176453
1000974,0.004886243492364883
1004741,0.0011157958069816232
1000871,0.016613727435469627
1000627,0.0003716314968187362
1002772,0.000537507061380893
1004290,0.0003262472746428102
1001393,0.0016829745145514607
1003818,0.0007932088919915259
1002491,0.015436631627380848
1001806,0.0002956572570838034
1004385,0.0016636132495477796
1004157,0.005288299173116684
1002395,0.003464119741693139
1002325,0.00047313468530774117
1003889,0.00025350303621962667
1001758,0.00012597377644851804
1004624,0.0016578532522544265
1002798,0.0017734330613166094
1004965,0.0006069446098990738
1001229,0.004718276206403971
1002393,0.0014801125507801771
1000656,0.0018125962233170867
1004908,0.0002679532044567168
1001319,0.003630563383921981
1001648,0.00040735010406933725
1003515,0.0032744668424129486
1004387,0.0015747981378808618
1003812,0.0010811681859195232
1001422,0.009000458754599094
1003062,0.012959467247128487
1003743,0.0007537493365816772
1001572,0.00012201412027934566
1000328,0.0018284863326698542
1000887,0.9820258021354675
1000090,0.0016787460772320628
1004921,0.00018478636047802866
1004332,0.0007877874886617064
1001556,0.002843462163582444
1002204,0.0017238351283594966
1002860,0.000726772123016417
1003233,0.00024725403636693954
1001444,0.00024771096650511026
1000942,0.00018909976643044502
1002150,0.00021258401102386415
1002080,0.0009615836897864938
1003682,0.004065793938934803
1001484,0.0023329376708716154
1000565,0.9782506227493286
1003098,0.0002909600152634084
1000310,0.0010766226332634687
1002642,0.0007832438568584621
1001902,0.00020125615992583334
1000549,0.002954216441139579
1002240,0.004264259710907936
1000175,0.0008037698571570218
1000576,0.0012386267771944404
1002698,0.9663684368133545
1003948,0.005455897189676762
1000877,0.00014711426047142595
1000481,0.00036684906808659434
1001570,0.004935210105031729
1003424,0.0004412790876813233
1003492,0.003581094555556774
1000064,0.00014388754789251834
1001695,5.109949779580347e-05
1000918,0.0015653674490749836
1001185,0.0004649013571906835
1001999,0.0003478267462924123
1004575,0.0011639526346698403
1002078,0.017235368490219116
1004635,0.0007591242319904268
1002152,0.0010339954169467092
1002584,0.0004276215913705528
1003716,0.013555189594626427
1002872,0.005145660135895014
1003445,0.003473722841590643
1004009,0.06549692898988724
1003999,0.008818190544843674
1004505,0.9927703738212585
1004486,0.0006316227954812348
1001312,0.013027210719883442
1000017,0.01282537542283535
1000471,0.0009560714825056493
1000613,0.0016855053836479783
1003530,0.0022474380675703287
1004882,0.001035123597830534
1000181,0.0011236707214266062
1000731,0.0008020004024729133
1001525,0.004910571966320276
1002312,0.0016674682265147567
1004443,0.0002295352896908298
1000263,0.014116709120571613
1004694,0.9298063516616821
1001591,0.007958999834954739
1003273,0.00031333620427176356
1004881,0.0010187453590333462
1001963,0.0009663762175478041
1003881,0.00053712836233899
1003368,0.0007474669255316257
1003004,0.0026722706388682127
1001573,0.9804078936576843
1004722,0.0009568579262122512
1000223,0.004470983520150185
1001576,0.0004080357030034065
1002696,0.0006174544105306268
1002199,0.00027893466176465154
1003235,0.000386276951758191
1004816,0.0021012076176702976
1000985,0.002139135031029582
1000033,0.0011428630677983165
1003471,0.9629765748977661
1004286,0.00043670288869179785
1001981,0.005975585896521807
1001618,0.0012782593257725239
1003524,0.00036277505569159985
1004567,0.001712636323645711
1000143,0.00011749673285521567
1003663,0.0008322703652083874
1003592,0.9717835783958435
1000304,0.00032035945332609117
1004791,0.001320714014582336
1002671,0.0006440233555622399
1001651,0.0013780506560578942
1002614,0.0005707329255528748
1004271,0.0002678094897419214
1001338,0.0005502660060301423
1001722,0.000642047671135515
1001985,0.00037616389454342425
1003639,0.0008730003028176725
1000558,0.01844172365963459
1002275,0.0077508375979959965
1000678,0.0013333996757864952
1001059,0.0015925016487017274
1000548,0.0019138811621814966
1002719,0.001464843051508069
1004200,0.00014057758380658925
1004568,0.0010729177156463265
1002255,0.0027767689898610115
1001693,0.0018844027072191238
1000846,0.0014361150097101927
1001237,0.0012064187321811914
1001409,0.005910064093768597
1002831,0.0002790524740703404
1002257,0.0002864062844309956
1001316,0.00014542631106451154
1002328,0.0012999869650229812
1000631,0.0007505270768888295
1002846,0.0007629733299836516
1004983,0.0007024575606919825
1003741,0.030534448102116585
1001634,0.008222954347729683
1003572,0.000930615293327719
1002138,8.857608918333426e-05
1000200,0.00041262138984166086
1003918,0.00033916818210855126
1003165,0.0034143533557653427
1004525,0.0008692902629263699
1000670,0.0004855657462030649
1004446,0.0007945419056341052
1001203,0.9839677214622498
1003502,0.00029587381868623197
1001433,0.00020505470456555486
1001117,0.0011646955972537398
1001251,0.0006326446309685707
1004019,0.0003433753736317158
1004469,0.00037319338298402727
1000837,0.0003286899591330439
1001411,0.013373472727835178
1003378,0.00010653616482159123
1002816,0.008855355903506279
1003249,0.0015277729835361242
1004687,0.00041005740058608353
1004867,0.0011511036427691579
1000231,0.0027215834707021713
1003774,0.00027361305546946824
1000603,0.0010495935566723347
1001833,0.00019240863912273198
1004866,0.0014333156868815422
1001520,0.017335887998342514
1003160,0.013158735819160938
1004357,0.018052080646157265
1004474,0.00021037724218331277
1003503,0.0010535161709412932
1001098,0.0008676223224028945
1000889,0.0006268555880524218
1001506,0.0010416739387437701
1000806,0.0001325734774582088
1000524,0.0016030187252908945
1003125,0.0011445367708802223
1003847,0.001233566552400589
1000109,0.0009208382107317448
1001785,0.003658183617517352
1004265,0.00046015591942705214
1004333,0.0003247681597713381
1002332,0.0006709836889058352
1001406,0.0004601555410772562
1003681,0.0006149646360427141
1003011,0.0001585495483595878
1004944,0.9985305666923523
1000460,0.00022462342167273164
1001701,0.0009542214684188366
1000321,0.0003804799634963274
1004541,0.004935272969305515
1002717,0.0010804220801219344
1002808,0.013589187525212765
1003992,0.00036262060166336596
1000470,0.0037786683533340693
1004721,0.0006991985719650984
1002290,0.00023473001783713698
1001927,0.00015760668611619622
1004419,0.0014105219161137938
1003319,0.000995567999780178
1001931,0.01872960664331913
1002188,0.009671750478446484
1000319,0.0023001120425760746
1004410,0.00036918430123478174
1001974,0.00017345030209980905
1000254,0.00036989967338740826
1004932,0.00036939841811545193
1001191,0.0013375136768445373
1001834,0.002825164934620261
1001045,0.008170254528522491
1003689,0.004890617448836565
1000629,0.00011285067739663646
1000055,0.004079952370375395
1003526,0.0003006928600370884
1003416,0.013895819894969463
1000104,0.0025091415736824274
1000947,0.00048169156070798635
1002426,0.2714860737323761
1001043,0.0009861326543614268
1004757,0.001112795202061534
1003791,0.00447152741253376
1004852,0.0005524626467376947
1000091,0.0038339821621775627
1003977,0.00028017591102980077
1003149,0.0005742853390984237
1004778,0.007661407347768545
1004490,0.0003311325563117862
1004611,0.00034589014830999076
1004302,0.00036594748962670565
1002767,0.0008925563306547701
1001518,0.0024210659321397543
1000874,0.9780404567718506
1003355,0.00019996066112071276
1003074,0.0008768172119744122
1000571,0.023023994639515877
1004821,0.0011108454782515764
1003466,0.0019282781286165118
1004603,0.005026151426136494
1000365,0.0017509427852928638
1003608,0.0003935298300348222
1003696,0.001548710628412664
1004683,0.0063150119967758656
1004770,0.00038094515912234783
1002405,0.0008612216915935278
1002889,0.002444598823785782
1001371,0.0006292537436820567
1002011,0.0034569695126265287
1003184,0.007819226942956448
1000284,0.08001064509153366
1002089,0.0023815289605408907
1002566,0.0008504009456373751
1002261,0.00039511211798526347
1004020,0.002018861472606659
1004168,0.0018365661380812526
1004194,0.0009409240446984768
1003238,0.0003127228410448879
1004260,0.0007789077353663743
1004670,0.0007932449807412922
1001291,0.010339331813156605
1004942,0.00031010457314550877
1002756,0.0002642134204506874
1001967,0.0007199606625363231
1001065,0.00026855687610805035
1002634,0.00027179779135622084
1002915,0.0002314199518878013
1001853,0.010214070789515972
1000519,0.0061258962377905846
1004293,0.00016886474622879177
1000972,0.0004015980812255293
1001814,0.0003874707908835262
1000364,0.0007003996288403869
1004840,0.0001593758788658306
1004206,0.014811218716204166
1001467,0.010264375247061253
1002596,0.0012143192579969764
1000712,0.010444325394928455
1003659,0.0004710610955953598
1003473,0.0001588537124916911
1002124,0.0004406158404890448
1004640,0.010028446093201637
1001287,0.0009984144708141685
1000204,0.003950966522097588
1002768,0.0002493210486136377
1001578,0.000929119298234582
1001625,0.00041656673420220613
1000268,0.00025980814825743437
1002022,0.001369181089103222
1000013,0.9097639918327332
1004238,0.00035891024162992835
1000396,0.01841607317328453
1003345,0.0006627134862355888
1003746,0.00041032687295228243
1002692,0.00011871349124703556
1002324,0.00036714281304739416
1002125,0.0005684734205715358
1004365,0.25120195746421814
1001004,0.0006951192626729608
1002806,0.0005077168461866677
1004993,0.0006686270935460925
1002247,0.0005887590814381838
1003968,0.0029146578162908554
1004685,0.0010976347839459777
1002287,0.17256787419319153
1003254,0.00024253109586425126
1000896,0.00022331764921545982
1000101,0.04307306557893753
1001922,0.006999523378908634
1001656,0.0026078319642692804
1002643,0.0018804259598255157
1004890,0.0009962739422917366
1001174,0.0014164079912006855
1003586,0.016367387026548386
1000152,0.0010672190692275763
1001246,0.00027215099544264376
1003318,0.002524070907384157
1001748,0.000685381586663425
1004532,0.029587017372250557
1003704,0.00045054653310216963
1002091,0.007139114663004875
1004606,8.999466081149876e-05
1002771,0.0002994001843035221
1002475,0.0001865275698946789
1002604,0.0030813580378890038
1001315,0.04042067006230354
1003958,0.0005291806301102042
1000780,0.0027087824419140816
1004349,0.0017901882529258728
1004677,0.0015029110945761204
1001056,0.00048442938714288175
1003733,0.005477852653712034
1003409,0.00012254700413905084
1002925,0.00037240172969177365
1004906,0.01012608502060175
1002505,0.001113445614464581
1002535,0.0002993909583892673
1004689,0.0003889857907779515
1000570,0.002541226102039218
1001696,0.007096216548234224
1002996,0.010487629100680351
1000413,0.0005539107951335609
1000932,0.010057102888822556
1002591,0.0009767964947968721
1002734,0.0012853979133069515
1002909,0.0004662146093323827
1003278,0.004377923905849457
1000813,0.00026673355023376644
1002897,0.0004189272876828909
1001571,0.0005817617056891322
1003611,0.0009658378548920155
1000847,0.003060591174289584
1003928,0.00015122248441912234
1002445,0.00043127828394062817
1004354,0.030132243409752846
1003787,0.004080923739820719
1004299,0.00393151119351387
1000963,0.0015836372040212154
1004031,0.20359185338020325
1000368,0.00044729156070388854
1002191,0.001514991163276136
1000016,0.00022352300584316254
1000544,0.002291460521519184
1003927,0.0010812862310558558
1003906,0.027837086468935013
1002256,0.002081555314362049
1002496,0.001164306071586907
1002755,0.00040306345908902586
1000867,0.0007040713680908084
1004230,0.000160009934916161
1000354,0.001231563976034522
1002987,0.0007440688787028193
1002502,0.00010723574087023735
1002019,0.002574455924332142
1003954,0.016662439331412315
1002272,0.0025690163020044565
1004682,0.010845066979527473
1000824,0.001727759838104248
1004484,0.0006725062266923487
1000953,0.0010216322261840105
1004376,0.0013497067848220468
1000125,0.03199778497219086
1002389,0.0006835811655037105
1003261,0.0018366955919191241
1002330,0.0009805727750062943
1003150,0.002462929580360651
1001370,0.003389626042917371
1003057,0.26597633957862854
1002723,0.00028853968251496553
1001404,0.000528343312907964
1004762,0.0017264249036088586
1000068,0.000615639379248023
1003848,0.009985227137804031
1002430,0.0002967558102682233
1002781,0.0029532841872423887
1001138,0.003855036338791251
1002386,0.0014971588971093297
1004438,0.0005639948649331927
1004284,0.00033980485750362277
1004576,0.0009015827090479434
1004318,0.0002334181044716388
1002621,0.0012673187302425504
1003529,0.000672111171297729
1002774,0.0004044596280436963
1000462,0.0006252885214053094
1001057,0.0030895054806023836
1001983,0.00035642157308757305
1004213,0.0003578015021048486
1004527,8.73034805408679e-05
1004417,0.0017420572694391012
1004744,0.00017175616812892258
1002944,0.0019125028047710657
1000388,0.036657240241765976
1000237,0.0008614137186668813
1004769,0.001199526945129037
1002085,9.357379167340696e-05
1004728,0.0006938179722055793
1003990,0.0013561556115746498
1003035,0.004060644190758467
1001639,0.00037342982250265777
1003414,0.01960437186062336
1002803,0.0005225815693847835
1001260,0.007460830733180046
1002525,0.0008148846682161093
1001201,0.0019029997056350112
1002442,0.9787987470626831
1001652,0.00018645655654836446
1004276,0.0005051189800724387
1002581,0.007133471313863993
1000831,0.0005505502340383828
1001311,0.0007580730016343296
1004344,0.0017358156619593501
1002674,0.00013224987196736038
1004152,0.0005717449239455163
1004453,0.28582924604415894
1003583,0.00022936583263799548
1001654,0.009105881676077843
1004597,0.00013277620018925518
1004704,0.005271474830806255
1001715,0.0027335709892213345
1001336,0.007579876109957695
1003290,0.00010060436761705205
1000685,0.0034869222436100245
1001048,0.000293457560474053
1001033,0.07970274239778519
1004995,0.0005155670805834234
1003616,0.0013460218906402588
1004089,0.00023697016877122223
1004646,0.02538815513253212
1002411,0.0003091570979449898
1002726,0.00014440339873544872
1003880,0.0030543396715074778
1002404,0.0003124737413600087
1000187,0.0020201895385980606
1001364,0.008101439103484154
1004681,0.0002642497420310974
1002447,0.0023073474876582623
1001880,0.000507135468069464
1000527,0.00024722341913729906
1001645,0.0006747118895873427
1003432,0.0011388410348445177
1004480,0.00020331951964180917
1002420,0.0001898774062283337
1001494,0.00504462793469429
1002077,0.013781966641545296
1001070,0.00019327459449414164
1000162,0.002948698354884982
1001491,0.00029868699493817985
1003386,0.000688909727614373
1001108,0.000298896076856181
1002560,0.6024771928787231
1000700,0.0010204545687884092
1004664,0.0004730920772999525
1003973,0.000520462344866246
1003920,0.0036269898992031813
1003197,0.028349867090582848
1001909,0.0002503125579096377
1003820,0.0006175769958645105
1000452,0.009786240756511688
1003817,0.0010279383277520537
1003809,0.9913567304611206
1001218,0.0002184217155445367
1001788,0.0025157586205750704
1004582,0.005748753435909748
1000624,0.0006376944947987795
1004633,0.003257041098549962
1004136,0.9926885962486267
1003898,0.0021177821327000856
1001513,0.0006053197430446744
1004961,0.007127764634788036
1002053,0.0013934012968093157
1004320,0.00016676510858815163
1004940,0.0006493927212432027
1003452,0.002134596696123481
1004184,0.0016252322820946574
1000005,0.007416390348225832
1000240,0.001255713519640267
1003419,0.00041408458491787314
1004362,0.0018318118527531624
1000107,0.0006261295056901872
1002471,0.00010539373033680022
1001224,0.0076180268079042435
1004925,0.0006262007518671453
1001268,0.00010105340334121138
1004501,0.0021024970337748528
1002498,0.002662418410181999
1002043,0.00047034694580361247
1003589,0.00013062845391687006
1000541,0.0015071569941937923
1003470,6.721628597006202e-05
1003482,0.0021402747370302677
1004171,0.001275144866667688
1003840,0.0007443848298862576
1003626,0.002227171789854765
1004814,0.0006949099479243159
1002457,0.001264750026166439
1002523,0.0023091500625014305
1004537,0.00014322360220830888
1003140,0.00033690783311612904
1000435,0.0016440816689282656
1002364,0.0016776210395619273
1002646,0.001793755334801972
1002285,0.0007222241838462651
1003525,0.0004409792018122971
1000286,0.00023366005916614085
1000939,0.0003764602297451347
1003339,0.00013728809426538646
1001501,0.00048354550381191075
1004460,0.0001699568674666807
1003570,0.006020780652761459
1002608,0.000921747472602874
1004847,0.0013957589399069548
1003191,0.0006211809231899679
1004920,0.00016770664660725743
1000190,0.0008179200813174248
1004556,0.00019683921709656715
1002795,0.0010726482141762972
1001071,0.00013496889732778072
1002090,0.011251808144152164
1000525,0.00015781467664055526
1001079,0.0004173200286459178
1001134,0.0035314287524670362
1003053,0.05562017112970352
1004044,0.0016663181595504284
1002003,0.0008205197518691421
1004706,0.0003435381513554603
1003734,0.002022970002144575
1003629,0.0015107814688235521
1000910,0.015729770064353943
1003842,0.00033882076968438923
1000277,0.018918221816420555
1000120,0.020589344203472137
1004587,0.002921267179772258
1002076,0.014861414209008217
1003251,0.0005001574172638357
1001068,0.0022816327400505543
1000948,0.0005401441012509167
1003950,0.006470454856753349
1004384,0.0006996235460974276
1000717,0.00014888684381730855
1004177,0.0014444711850956082
1002317,0.00025899067986756563
1004221,0.0026714876294136047
1003014,0.008839571848511696
1002059,0.0006813910440541804
1002510,0.00030736616463400424
1004439,0.0004722252197097987
1002673,0.001553084934130311
1004953,0.0010034850565716624
1004909,0.00021316205675248057
1002939,0.002617859747260809
1003521,0.004019031301140785
1000850,0.013694887980818748
1002512,0.000997125287540257
1002890,0.00812468584626913
1004536,0.0003319811075925827
1001437,0.001206869026646018
1001515,0.0003221250663045794
1002706,0.00024957407731562853
1000010,0.00040905462810769677
1000801,0.0001014828376355581
1002730,0.009864600375294685
1002062,0.0026070154272019863
1002959,0.00022295091184787452
1004336,0.005558293778449297
1001803,0.9497596621513367
1002605,0.0029965778812766075
1002661,0.00258765765465796
1003267,0.0005778604536317289
1004172,0.0010630483739078045
1002045,0.027092091739177704
1001714,0.0007827220251783729
1003461,0.9914276003837585
1004793,0.013705048710107803
1002374,0.012097409926354885
1004125,0.0011391739826649427
1001157,0.00029559648828580976
1001082,0.0008182412711903453
1003283,0.0006628623232245445
1001754,0.0011714984430000186
1002711,0.00046600145287811756
1004146,0.00032869901042431593
1001672,0.0011963099241256714
1001916,0.00043446363997645676
1003790,0.0015360878314822912
1001302,0.0007391321123577654
1002296,0.0009293626062572002
1003665,0.0012095607817173004
1001630,0.0012606243835762143
1000879,0.00011759519838960841
1004389,0.0027953912504017353
1002539,0.008427630178630352
1002337,0.0010835914872586727
1004447,0.0023678564466536045
1003072,0.0002591914962977171
1001917,0.000310020986944437
1001455,0.00026649952633306384
1001001,0.00312730367295444
1003478,0.020682429894804955
1003994,0.0015128885861486197
1000703,0.0005058823735453188
1004086,0.003219223115593195
1004841,0.019320931285619736
1004345,0.0005399366491474211
1002540,0.007115678861737251
1001274,0.0008505694568157196
1000508,0.0008356986218132079
1000417,0.0004241475835442543
1000699,0.000407183455536142
1004589,0.0009079445735551417
1003896,0.0003432187077123672
1002874,0.003511610673740506
1001349,0.0008283074130304158
1000430,0.007490712683647871
1004421,0.0004992424510419369
1001021,0.0007332854438573122
1002836,0.00039114945684559643
1001592,0.0006470007938332856
1000498,0.0008241835166700184
1000088,0.0001747481437632814
1002368,0.0022815123666077852
1004680,0.11488074064254761
1004661,0.0007934962632134557
1003644,0.0008600378059782088
1003264,0.00020361505448818207
1001892,0.01130154263228178
1000312,0.00036587423528544605
1002913,0.0003576926828827709
1004523,0.0171804241836071
1000688,0.0003002271696459502
1004957,0.00025475647998973727
1004325,0.00104173191357404
1004779,0.00035932124592363834
1004093,0.0009001196012832224
1001930,0.0011194468243047595
1004776,0.00934547372162342
1000182,0.0004339463484939188
1002895,0.9860702157020569
1002979,0.000397818221244961
1000591,0.009840915910899639
1003894,0.0023162399884313345
1001427,0.05165810137987137
1000002,0.0003326759033370763
1004015,0.002824964467436075
1000308,0.005272909998893738
1001254,0.0014651749515905976
1001636,0.0043913754634559155
1002725,0.0010640028631314635
1004225,0.0007509714341722429
1001668,0.0012432194780558348
1002489,0.011542962864041328
1003309,0.0016437333542853594
1003814,0.001001595752313733
1003048,0.9874911308288574
1002652,0.008990814909338951
1002271,0.0023186071775853634
1003947,0.00031279047834686935
1000689,0.009957000613212585
1004346,0.0003858427226077765
1001585,0.0002577346458565444
1003465,0.0013662644196301699
1001105,0.0002614654949866235
1002567,0.07581166177988052
1002773,0.010320251807570457
1003435,0.0024075820110738277
1002144,0.013484839349985123
1002526,0.0017056320793926716
1001678,0.015339802019298077
1004361,0.002487512771040201
1001921,0.0005519259721040726
1001184,0.05345184728503227
1000480,0.0008111011702567339
1000168,0.00045329605927690864
1003258,0.00026708116638474166
1000202,0.0006310138269327581
1001811,0.00011016237112926319
1003731,0.0008738497272133827
1003793,0.00015156209701672196
1004801,0.0006356284720823169
1002648,0.0004353563708718866
1001081,0.014849429950118065
1001377,0.0012035239487886429
1004898,0.8832318186759949
1004210,0.0005092444480396807
1002121,0.0026147039607167244
1002557,0.0018106737406924367
1001949,0.002773913787677884
1003390,0.002613277640193701
1003055,0.0007265484891831875
1004711,0.009693381376564503
1004386,0.0010556535562500358
1004236,0.0005476265796460211
1000556,0.002056543482467532
1001011,0.0009296539356000721
1001106,0.0006205681129358709
1001839,0.0010462464997544885
1002670,0.004021594300866127
1002741,0.005537104327231646
1002777,0.004244588315486908
1000933,0.0003001107252202928
1001382,0.8611374497413635
1002612,0.00033363327383995056
1002322,0.0015733283944427967
1004001,0.0006801137351430953
1004873,0.0016068071126937866
1004990,0.00010346612543798983
1002787,0.00024554537958465517
1001080,0.000850725919008255
1003257,0.002178722294047475
1003876,0.000991200446151197
1001421,8.828543650452048e-05
1003234,0.0002434988709865138
1001527,0.004616852849721909
1000485,0.0007934082532301545
1000708,0.000672491907607764
1001058,0.0015843200962990522
1002700,0.001492003328166902
1004155,0.0003188505652360618
1000682,0.00020684457558672875
1002820,0.00016268929175566882
1004509,0.00016198081721086055
1002260,0.0006169279222376645
1003212,0.00016421709733549505
1004574,0.004677442833781242
1000492,0.003667397191748023
1001841,0.00015473832900170237
1002072,0.0005000573582947254
1003976,0.0061926753260195255
1001801,0.004882784094661474
1002550,0.08021616190671921
1003352,0.0003990284458268434
1004647,0.001518141245469451
1004049,0.00012703705579042435
1004069,0.0009573340648785233
1004676,0.000929054687730968
1002650,0.0006792859057895839
1004244,0.0006389475893229246
1000260,0.06699807196855545
1003240,0.0007941474323160946
1000420,0.001484865671955049
1002826,0.0011105294106528163
1001777,0.012499581091105938
1001649,0.000407181098125875
1003744,0.00043781273416243494
1001344,0.00017984442820306867
1002163,0.0004188782477285713
1000661,0.0009914027759805322
1002815,0.007547702640295029
1002533,0.0011419802904129028
1000859,0.003592860884964466
1001552,0.00024309057334903628
1003828,0.0015715783229097724
1000395,0.0006196285248734057
1004315,0.9934898614883423
1000093,0.002050664508715272
1003034,0.000682267127558589
1004072,0.011080699041485786
1002263,0.4603659212589264
1000280,0.0006043636822141707
1001487,0.000806807482149452
1001586,0.02136598713696003
1000755,0.0007994411862455308
1001973,0.00044855900341644883
1001164,0.0004763661418110132
1004679,0.9833664894104004
1003029,0.00028005853528156877
1002318,0.9978904128074646
1003174,0.0010272813960909843
1002664,0.07039464265108109
1004521,7.142411050153896e-05
1000293,0.0017007084097713232
1003763,0.0010766679188236594
1003147,9.958253212971613e-05
1001038,0.014042491093277931
1004740,0.004423957783728838
1001486,0.019650958478450775
1001003,0.000186243632924743
1004159,0.0031835155095905066
1004803,0.004791198763996363
1004427,0.0002656431752257049
1003975,0.0005168801289983094
1004218,0.001249074237421155
1001325,0.003505959641188383
1000108,0.023340145125985146
1003652,0.0008868732838891447
1002265,0.004881656728684902
1001067,0.0003531186666805297
1003317,0.006767312064766884
1001453,0.0004710000066552311
1002662,0.02460898831486702
1000214,0.00031055024010129273
1002839,0.0002790380676742643
1000830,0.0013995737535879016
1003247,0.0017072600312530994
1003761,0.0003382759459782392
1001920,0.6944084763526917
1004391,0.002806093543767929
1003815,0.0006060005980543792
1001954,0.001787264016456902
1001637,0.004184376914054155
1002006,0.0004682286235038191
1000015,0.0003706733987201005
1000151,0.00020454869081731886
1004295,0.00469945278018713
1004367,0.0004789774538949132
1003553,0.0004887621034868062
1001152,0.00021076250413898379
1003963,0.00021725110127590597
1004190,0.0031582899391651154
1001028,0.0018186456291005015
1001502,0.00033722625812515616
1004813,0.020312365144491196
1003543,0.0004704028833657503
1000393,0.0002924205909948796
1004749,0.0018309977604076266
1000192,0.00033619673922657967
1004234,0.99036705493927
1000938,0.0020906648132950068
1004616,0.0003637273912318051
1000054,0.0024776803329586983
1004557,0.0009171073907054961
1000381,0.001529176952317357
1003800,0.03426530957221985
1002788,0.0014302791096270084
1002753,0.0015053851529955864
1001385,0.06029905006289482
1003095,0.0003796287055592984
1004593,0.00015602904022671282
1004777,0.0006469244253821671
1001735,0.005664285738021135
1004911,0.013565950095653534
1001674,0.000549146207049489
1002514,0.0007572040776722133
1001412,0.0005927371676079929
1003625,0.0004246578610036522
1000589,0.0002795622276607901
1004249,0.0006936198333278298
1004088,0.0016001368639990687
1003650,0.0011755486484616995
1003170,0.00028118464979343116
1003603,8.769370469963178e-05
1004029,0.025023669004440308
1003028,0.27374163269996643
1004074,0.0017915153875946999
1004662,0.0007025858503766358
1000322,0.0037654954940080643
1000677,8.720214100321755e-05
1001258,0.0007801228784956038
1001220,0.010639229789376259
1003286,0.0006491190288215876
1000585,0.0034063593484461308
1004189,0.0025220951065421104
1001538,0.0016595820197835565
1000350,0.0011444544652476907
1001137,0.0002795867039822042
1002235,0.00047688980703242123
1003618,0.00041467687697149813
1001265,0.004954605828970671
1002821,0.00030271278228610754
1000667,0.017663095146417618
1000634,0.002845914103090763
1000274,0.0007188638555817306
1000559,0.0015103141777217388
1000389,0.007047655526548624
1001030,0.05078830197453499
1001659,0.000436044589150697
1000582,0.9957295060157776
1004858,0.0002449468884151429
1000086,0.0020720502361655235
1003833,0.00039947903132997453
1002347,0.0008932175114750862
1003778,0.0005982802249491215
1004148,0.00030254179728217423
1003295,0.00031940892222337425
1004127,0.001540128025226295
1001290,0.0006689145811833441
1004891,0.00018715565965976566
1001209,0.00013012353156227618
1003408,0.0004981265519745648
1002833,0.0004655115189962089
1003961,0.0002511062193661928
1004300,0.0012961827451363206
1004830,0.9773508310317993
1004495,0.00038088386645540595
1001534,0.0009933208348229527
1002412,0.0005408861907199025
1003642,0.01666869968175888
1004494,0.007729268632829189
1001454,0.0032805027440190315
1000853,0.004285053815692663
1003000,0.007851699367165565
1003417,0.00043888684012927115
1000403,0.001031682942993939
1003949,0.9814600944519043
1001440,0.0004013545985799283
1002881,0.001383997849188745
1000121,0.9447184205055237
1000765,0.0003752747143153101
1004116,0.01714872196316719
1002413,0.0038274505641311407
1003376,0.0014849855797365308
1000812,0.00023980152036529034
1000893,0.0004322565800976008
1003557,0.00041061555384658277
1002227,0.003809677204117179
1001200,0.0029081639368087053
1000073,0.0013609075685963035
1004729,0.0003593220317270607
1001903,0.0019285788293927908
1002435,0.11845662444829941
1000537,0.004520638380199671
1003393,0.00039287147228606045
1000378,0.0016050285194069147
1000921,0.00045504450099542737
1004588,0.8308173418045044
1002156,0.006715342868119478
1000359,0.001583828590810299
1001590,0.8584506511688232
1001073,0.004056716803461313
1001350,0.0034408774226903915
1003188,0.0006056640995666385
1001204,0.001440983498468995
1003315,0.002796652726829052
1002214,0.00011713409185176715
1004857,0.05460551753640175
1002024,0.008858206681907177
1004760,0.0003801950952038169
1003582,0.0002537642139941454
1002869,0.00017739264876581728
1004396,0.00017278935411013663
1002592,0.0011138092959299684
1003277,0.0015169038670137525
1002128,0.0002914647338911891
1001676,0.0021121888421475887
1004098,0.000926382839679718
1002964,0.0005372359300963581
1003483,0.00014439798542298377
1002166,0.007215089164674282
1002885,0.0002224878699053079
1003770,0.0012991580879315734
1000988,0.001571450149640441
1000011,0.00015996844740584493
1002383,0.0007011018460616469
1000851,0.9906691908836365
1003717,0.0005956666427664459
1002466,0.0028732107020914555
1004358,0.001004061079584062
1003938,0.0007001155754551291
1000619,0.001031000865623355
1001436,0.00045140660949982703
1001738,0.004759809002280235
1002509,0.0009377042879350483
1002187,0.0003848127380479127
1001103,0.00030667640385217965
1001419,0.009166537784039974
1002995,0.003457835176959634
1002974,0.004455575719475746
1000789,0.00030799920205026865
1004233,0.0016555124893784523
1001475,0.0016458429163321853
1000729,0.0003703381516970694
1000772,0.0010580546222627163
1001669,0.0009734469349496067
1003093,0.037347666919231415
1003620,0.01703832298517227
1002501,0.018792953342199326
1004964,0.000350447662640363
1002990,0.0001892366271931678
1001707,0.0011913523776456714
1002495,0.001326101366430521
1002131,0.0018781693652272224
1001995,0.0011251368559896946
1002362,0.0026224423199892044
1003186,0.00019512369181029499
1002891,0.9944344758987427
1002366,0.029883796349167824
1004535,0.997533917427063
1001793,0.0013005681103095412
1003713,0.000918022939004004
1000041,0.0019433351699262857
1000253,0.00014276668662205338
1004173,0.00019337449339218438
1002452,0.0010869635734707117
1003476,0.0011532744392752647
1003882,0.000511049060150981
1003091,0.0026153409853577614
1001587,0.3189138174057007
1004006,0.005246227607131004
1000653,0.0005734302685596049
1000964,0.0029376172460615635
1004833,0.0010066662216559052
1004104,0.00013632197806145996
1001914,0.0001135544735006988
1003785,0.00015258928760886192
1002710,0.00035176382516510785
1003437,0.0003106083604507148
1000878,0.9952999353408813
1003060,0.00021093557006679475
1003280,0.0008066360605880618
1003836,0.0006081677274778485
1001512,0.0003767133457586169
1004329,0.0003170150157529861
1000423,0.0003735818318091333
1001867,8.956631791079417e-05
1000597,0.0008278050227090716
1002597,0.03494627773761749
1003380,0.0008867514552548528
1003413,0.0012053351383656263
1002136,0.0002945957821793854
1000241,0.0023471724707633257
1004139,0.00040674005867913365
1002409,0.0013784138718619943
1001751,8.145468746079132e-05
1003089,0.0011494860518723726
1001354,0.0005839626537635922
1002282,0.0007503442466259003
1003737,0.0007552695460617542
1004341,0.0026432962622493505
1000099,0.0009971944382414222
1001383,0.001147210132330656
1001020,0.0022171586751937866
1004380,0.0002702144265640527
1002026,0.00028621446108445525
1004207,0.0002169114741263911
1000512,0.0007030447595752776
1002013,0.0009235730394721031
1003759,0.004716401919722557
1002918,0.0020169205963611603
1002552,0.0013878985773772001
1003357,9.141233749687672e-05
1001150,0.0009986473014578223
1001264,0.00010520550131332129
1000363,0.0002965444582514465
1003164,0.004773573949933052
1002218,0.0008642067550681531
1002603,0.013233257457613945
1000612,0.00034720555413514376
1004406,0.0026557035744190216
1003477,0.0005423703696578741
1004938,0.0016263530123978853
1003924,0.003823763458058238
1004331,0.0008492107735946774
1004799,0.0005432024481706321
1002878,0.006392087321728468
1000372,0.0040265219286084175
1002868,0.0004042597720399499
1000418,0.00042871208279393613
1001721,0.38430169224739075
1002371,0.00026645546313375235
1002197,0.0004931247676722705
1000999,0.0013645784929394722
1001346,0.00016245292499661446
1003604,0.0002541898866184056
1004978,0.007903455756604671
1004678,0.0033108042553067207
1000487,0.0006667093839496374
1001115,0.00022312995861284435
1004076,0.0019841399043798447
1003695,0.00025980715872719884
1003565,0.0008558891131542623
1003756,0.00035070025478489697
1000515,0.000147401966387406
1004572,0.00556951854377985
1000122,0.003071531653404236
1001024,0.026970045641064644
1002252,0.005459621082991362
1002914,0.0031296906527131796
1002177,0.0016259278636425734
1000763,0.001064028823748231
1004895,0.0004251169157214463
1003571,0.00030110651277936995
1001420,0.0008790144929662347
1000816,0.01576627418398857
1000401,0.0015463046729564667
1003203,0.001130410935729742
1001266,0.001774481381289661
1000971,0.006139724049717188
1001810,0.0005195553530938923
1002574,0.002768264152109623
1004846,0.001469496637582779
1000697,0.0008222464239224792
1001698,0.0002630868984851986
1001210,0.00025520246708765626
1003788,0.00030706418328918517
1000232,0.012523813173174858
1001015,0.0004188456223346293
1001884,0.0006844601593911648
1001588,0.000252389203524217
1002399,0.00020540159312076867
1002140,0.0016093739541247487
1002375,0.00015724124386906624
1001617,0.850142240524292
1001574,0.0007993335602805018
1003584,0.0002047404705081135
1002680,0.001028263010084629
1002378,0.0009613414295017719
1003447,0.00044049290590919554
1004310,0.0005535752861760557
1004181,0.0005647470825351775
1003321,0.0034689009189605713
1003551,0.0007794024422764778
1002675,0.00031758530531078577
1002037,0.000919903046451509
1000886,0.00037962873466312885
1002480,0.00035790499532595277
1004573,0.0005892204353585839
1000318,0.00026719842571765184
1004854,0.0006369825568981469
1003151,0.0008362861117348075
1001924,0.0023248177021741867
1002931,0.0030730862636119127
1004423,0.0017886417917907238
1001410,0.0001751959789544344
1001023,0.0005965306772850454
1002577,0.035538651049137115
1003725,0.009845218621194363
1004610,0.0002631828829180449
1001663,0.00031951797427609563
1001032,0.0007927073747850955
1004123,0.00019666447769850492
1004110,0.0009101738687604666
1004101,0.0015439796261489391
1003578,0.00052199128549546
1003101,0.0004153429763391614
1003406,0.9905231595039368
1001451,0.006679322104901075
1004723,0.0027719056233763695
1003305,0.00019950921705458313
1004046,0.0008150016656145453
1001388,0.001761389896273613
1004158,0.0003959491732530296
1004468,0.0098600834608078
1003430,0.0016953089507296681
1001474,0.0032587512396275997
1000291,0.002328012138605118
1002980,0.00401336932554841
1002336,0.0012980621540918946
1003223,0.00047581043327227235
1000741,0.0029340318869799376
1000894,0.0006313334451988339
1001330,0.0013367979554459453
1004913,0.004794931039214134
1002893,0.0011145301396027207
1002582,0.00013985209807287902
1001840,0.0005821037339046597
1000361,0.0065405829809606075
1004247,0.0004886045353487134
1000869,0.0005071097402833402
1003269,0.01753966137766838
1001635,0.08272702246904373
1003132,0.0004306485643610358
1004316,0.000726457976270467
1002595,0.0003292394685558975
1003176,0.002728627063333988
1001423,0.07660584896802902
1002672,0.00020008491992484778
1000557,0.000738263304810971
1003850,0.010678760707378387
1003857,0.00028954606386832893
1002407,0.0003444364992901683
1002293,0.010565433651208878
1002520,0.0006531968247145414
1000754,0.0005374077591113746
1000294,0.9958741664886475
1004808,0.0013092367444187403
1002132,0.037911172956228256
1001998,0.0001475416647735983
1001633,0.0003750277101062238
1001399,0.0003125431830994785
1004420,0.031070033088326454
1003491,0.001426570932380855
1002314,0.004128817468881607
1000025,0.0015795902581885457
1001542,0.0007812266703695059
1002714,0.00020390523422975093
1003864,0.0006269209552556276
1003490,0.9658440947532654
1000941,0.0004446432285476476
1004618,0.0008695381693542004
1000684,0.003917696885764599
1004465,0.0027784076519310474
1003082,0.0018496831180527806
1000392,0.0020645500626415014
1002291,0.00160497659817338
1001939,0.0002267224044771865
1001488,0.0009350907639600337
1004902,0.00037643223186023533
1001225,0.0011530426563695073
1003923,0.001602067844942212
1004984,0.004100860562175512
1004084,0.006194049958139658
1001180,0.0002031710755545646
1002305,0.016576142981648445
1003657,0.0008238233276642859
1003177,0.00033298981725238264
1004580,0.003895022440701723
1003699,0.09204335510730743
1000694,0.002296159043908119
1001819,0.0007076459005475044
1003313,0.0006606098613701761
1003806,0.00914145540446043
1002303,0.001102940645068884
1000315,0.0003842109290417284
1001322,0.00016220303950831294
1001662,0.0008170800283551216
1003439,0.00014272994303610176
1004430,0.001628240686841309
1001356,6.633600423811004e-05
1002985,0.0006408276967704296
1003981,0.000358640740159899
1004759,0.0006230599246919155
1003372,0.009082666598260403
1001249,0.0006453181267715991
1004970,0.001664582872763276
1004108,0.0005840386147610843
1001795,0.0006034880061633885
1002005,0.00018671966972760856
1001907,0.0007316657574847341
1002713,0.016318054869771004
1003640,0.0006498548318631947
1000833,0.0014754527946934104
1001885,0.00032411821302957833
1001470,0.0008789786952547729
1004737,7.947969425003976e-05
1003827,0.0009444608585909009
1001944,0.0005663016927428544
1002048,0.00048602200695313513
1001425,0.011242110282182693
1001737,0.09818949550390244
1001288,0.0006154325674287975
1004163,0.0007133963517844677
1000998,0.0018496648408472538
1002563,0.000412308843806386
1000209,0.007456878665834665
1003218,7.02428660588339e-05
1000652,0.0009989346144720912
1004691,0.0003644521639216691
1002796,0.00034596084151417017
1004452,0.0004274878592696041
1004449,0.00015668112610001117
1001704,0.00033061340218409896
1003488,0.0002852152974810451
1003624,0.0002617548161651939
1004263,0.9578239917755127
1003384,0.002520069945603609
1003884,0.0006427199696190655
1004479,0.0024686185643076897
1000663,0.003924776334315538
1003722,0.010012407787144184
1000880,0.0014631006633862853
1003991,0.0002431720931781456
1004763,0.003809017362073064
1000367,0.0008789793937467039
1003307,0.0018120656022801995
1000096,0.0003597365284804255
1002145,0.0038706250488758087
1003243,0.001604094635695219
1003398,0.002885126508772373
1003441,0.0018248481210321188
1003078,0.6584774255752563
1000957,0.0002565088798291981
1001241,0.01724112592637539
1002738,0.00017710155225358903
1003782,0.9974356293678284
1000357,0.0003494029806461185
1000183,0.025049440562725067
1001029,0.0008476811344735324
1000610,0.000615204218775034
1003201,0.0006972554256208241
1000528,0.0006393672665581107
1003158,0.0011537367245182395
1003637,0.002643263665959239
1002241,0.002194169210270047
1003434,0.006223699543625116
1003178,0.0026138455141335726
1004758,0.0007689566118642688
1001759,0.0020961600821465254
1001016,0.0002491204359102994
1000530,0.008022132329642773
1000832,0.00019520144269336015
1000818,0.0006474043475463986
1000944,0.9863216280937195
1002299,0.00036944140447303653
1004783,0.0010483157820999622
1002916,0.00017539945838507265
1000691,0.0035194375086575747
1001868,0.17125587165355682
1001728,0.9961380362510681
1000111,0.00019666676234919578
1004975,0.0002086048189084977
1002054,0.026340078562498093
1004739,0.0015354331117123365
1000545,0.0022338780108839273
1001992,0.0008567298064008355
1001360,0.24882283806800842
1004639,0.0009016821277327836
1003018,0.000358718418283388
1003064,0.9764156937599182
1000199,0.00021157274022698402
1000384,0.0043436638079583645
1003332,0.0018565442878752947
1003998,0.003546792082488537
1003227,0.00020120810950174928
1002770,0.8877704739570618
1004569,0.010929624550044537
1000823,0.0003557917370926589
1004303,0.006497528869658709
1000303,0.00015642416838090867
1004716,0.0014726014342159033
1004418,0.9892955422401428
1003829,0.00046059355372563004
1003965,0.00224015349522233
1002739,0.00021214490698184818
1001167,0.00024010938068386167
1001596,0.0007268892368301749
1003157,0.9813711047172546
1002864,0.002956765005365014
1003496,0.0016292548971250653
1003171,0.0006883665919303894
1004517,0.00030497461557388306
1001846,0.0018553156405687332
1002609,0.000963756290730089
1002668,0.000130134416394867
1000383,0.0056528146378695965
1003612,0.01090928167104721
1001779,0.0008722651400603354
1002973,0.0009419115958735347
1003420,0.0005584984319284558
1004829,0.002580281812697649
1000671,0.0028753019869327545
1004432,0.00016026035882532597
1001197,0.004485500976443291
1003225,0.009940020740032196
1001499,0.0005696876905858517
1004750,0.004204574506729841
1003421,0.0004378178564365953
1002228,0.0005751229473389685
1000117,0.0006659914506599307
1004131,0.002695902483537793
1001849,0.981037974357605
1001239,0.000610794872045517
1003040,0.007746734656393528
1004571,0.9971650242805481
1003921,0.0004175403737463057
1002961,0.00020434816542547196
1002469,0.0010540586663410068
1003226,0.00013377267168834805
1004930,0.0012749271700158715
1003259,0.0016923636430874467
1003183,0.00040932788397185504
1003206,0.001386515679769218
1001893,0.00010173598275287077
1001314,0.00012599775800481439
1004266,0.0001034445158438757
1000835,0.004343164619058371
1003728,0.8627128005027771
1001982,0.015130809508264065
1000543,0.0030143815092742443
1001554,0.003943572286516428
1002519,0.03159737586975098
1003017,0.006460735108703375
1002681,0.0007864843355491757
1002593,0.0012722217943519354
1000641,0.00034642251557670534
1003962,0.8748490810394287
1002424,0.00045218909508548677
1001558,0.0006414640229195356
1001299,0.0009775247890502214
1001469,0.9366846084594727
1001887,0.00019147468265146017
1003485,0.0005311708664521575
1001327,7.601732067996636e-05
1004626,0.0009817560203373432
1002716,0.0021762466058135033
1004497,0.0007959211943671107
1002686,0.032150693237781525
1003306,0.00023678001889493316
1000216,0.0010044140508398414
1001873,0.00385285634547472
1003133,0.0002852663164958358
1004187,0.017944544553756714
1001131,0.0010896377498283982
1001897,0.003460046136751771
1004876,0.0002677051816135645
1002955,0.00017139955889433622
1001376,0.9950642585754395
1000991,0.0023023411631584167
1002215,0.0014122488209977746
1002388,0.0006667230045422912
1002277,0.5507054924964905
1002014,0.05965876579284668
1003021,0.0032442493829876184
1000743,0.07860764116048813
1002342,0.001480506849475205
1003925,0.0014950524782761931
1000984,9.633087029214948e-05
1003161,0.000632531417068094
1002397,0.0003217037010472268
1002807,0.0011842971434816718
1002606,0.0026001418009400368
1001297,0.0004991110763512552
1001468,0.00043607770930975676
1002894,0.0015109049854800105
1000949,0.019651541486382484
1001597,0.0009008297929540277
1004264,0.00043676249333657324
1001125,0.004219375550746918
1001958,0.0002089444169541821
1001147,0.0006332293851301074
1000683,0.00041388539830222726
1003907,0.0024702437222003937
1000845,0.00022076441382523626
1002146,0.0007708832272328436
1002629,0.0006979319732636213
1003601,0.00032926129642874
1003120,0.8323076963424683
1001626,0.0015713161556050181
1002683,0.00294661452062428
1000258,0.1849469244480133
1000658,0.01728610135614872
1003937,0.0069284294731915
1001643,0.13141685724258423
1003337,0.001391980447806418
1001940,0.0007553435279987752
1004404,0.0019347360357642174
1001083,0.00011961517157033086
1004651,0.00023082527332007885
1001968,0.00010303413000656292
1001119,0.0007192956400103867
1002123,0.0001956769556272775
1003009,0.0008733398863114417
1002331,0.00020866193517576903
1003957,0.00018797004304360598
1002565,0.0032526517752557993
1001460,0.0001764468615874648
1002962,0.7439755201339722
1003475,0.0009485286427661777
1001832,0.14203312993049622
1003123,0.015481672249734402
1002079,0.0023345015943050385
1002983,0.0011602052254602313
1000063,0.0001575151109136641
1003533,0.00014386330440174788
1003076,0.9875397682189941
1004375,0.00042967006447725
1000581,0.011219094507396221
1002992,0.1760459989309311
1003122,0.016891520470380783
1003354,0.0001414478028891608
1000154,0.0039636678993701935
1002416,0.005012494511902332
1002064,0.015852883458137512
1000927,0.00036271149292588234
1000758,0.0008315664017572999
1002842,0.03988702595233917
1002009,0.0012191233690828085
1001883,0.03490776568651199
1002484,0.0011427791323512793
1002429,0.00015231459110509604
1000809,0.0002696321171242744
1004613,0.0013316384283825755
1001808,0.0015177817549556494
1000095,0.012581962160766125
1000925,0.0013749927747994661
1001544,0.00031087061506696045
1002249,0.003970196936279535
1002712,0.006053760647773743
1003900,0.0014198198914527893
1002279,0.00024365120043512434
1003189,0.0007735019898973405
1004441,0.0019863382913172245
1002508,0.00013625528663396835
1002785,9.329360182164237e-05
1004839,0.006928607355803251
1002632,0.0068460195325315
1002999,0.0008480576798319817
1002083,0.00013143234536983073
1004261,0.004301141481846571
1001006,0.00032689899671822786
1001340,0.0003189219278283417
1003246,0.0001809153036447242
1004519,0.0002696248411666602
1001495,0.0008964521111920476
1002638,0.0039260415360331535
1003338,0.0009690206497907639
1000057,0.015680544078350067
1004534,0.000684913422446698
1003493,0.00015183869982138276
1000773,0.0002693430578801781
1002236,0.0006374060176312923
1003959,0.0009665870456956327
1001692,0.00015572956181131303
1004738,0.00026395387249067426
1002542,0.00034165586112067103
1000094,0.00012055343540851027
1001381,0.00031619551009498537
1003669,0.003021128475666046
1003287,0.005106381140649319
1002488,0.0007072811131365597
1000907,0.020280228927731514
1003615,0.002402612939476967
1004008,0.00026550792972557247
1003271,0.020022019743919373
1001646,0.003520840546116233
1004592,0.0036936430260539055
1004659,0.004337408114224672
1003628,0.039775822311639786
1001092,0.11978551745414734
1004768,0.0022702920250594616
1002493,0.0006276393542066216
1000922,0.0016357233980670571
1003303,0.006150820758193731
1002437,0.00015648486441932619
1003169,0.37989571690559387
1001063,0.0026678938884288073
1003077,0.0015416904352605343
1004820,0.0001549448206787929
1002543,0.0031128432601690292
1000343,0.0067192306742072105
1004516,0.0192315224558115
1001300,0.017168527469038963
1001661,0.004673117306083441
1001989,0.0003885932092089206
1001972,0.00022400982561521232
1004824,0.001273029251024127
1000844,0.00030074722599238157
1004608,0.0005961537244729698
1003457,0.0017482917755842209
1002818,0.00011576498218346387
1001027,0.0009946817299351096
1001243,0.001880676718428731
1000301,0.9836686849594116
1000669,0.0007589110173285007
1002655,7.828923844499514e-05
1001483,0.0010507244151085615
1000140,0.0005971135105937719
1004775,0.00012748914014082402
1001882,0.003511463524773717
1003210,0.990525484085083
1000265,0.0004012185090687126
1002338,0.006044257432222366
1003281,0.00022962980438023806
1000657,0.00016947888070717454
1004156,0.0009245238616131246
1001730,0.0013327795313671231
1001650,0.0007288085762411356
1001858,0.0006631637807004154
1004805,0.0012976450379937887
1004090,0.0002365470863878727
1003890,0.23042167723178864
1000306,0.000978215946815908
1003115,0.0008960652048699558
1004966,0.0006307074800133705
1001212,0.00029663529130630195
1002896,0.03959062695503235
1002208,0.00040826897020451725
1003539,0.0007592127658426762
1002205,0.00048071451601572335
